2019,Villeurbanne,Karim,Stollenberg,PHP,sstollenberg1c@newyorker.com
2019,Charbonnieres,Alexandre,Southcoat,PHP,bsouthcoat1n@purevolume.com
2019,Remote,Melodie,Ebanks,PHP,rebanks4r@si.edu
2019,Villeurbanne,Michel,Juster,PHP,wjuster4v@photobucket.com
2019,Gex,Adrien,Doneld,PHP,adoneld4z@psu.edu
2019,Villeurbanne,Lena,Howman,PHP,dhowman74@discovery.com
2019,Gex,Mia,Dunn,PHP,ddunn8p@exblog.jp
2019,Saint-Martin,Amanda,Battill,PHP,kbattillab@rediff.com
2019,Villeurbanne,Cedric,Mackie,PHP,fmackiebn@booking.com
2019,Gex,Bilel,Impy,PHP,mimpybx@google.co.uk
2019,Remote,Ludwig,Darbyshire,PHP,hdarbyshirec2@aol.com
2019,Gex,Jean-loup,Souster,PHP,lsoustercj@army.mil
2019,Villeurbanne,Anna,Clements,PHP,tclementseg@bbb.org
2019,Saint-Martin,Claude,Stourton,PHP,bstourtonil@thetimes.co.uk
2019,Gex,Adrien,Riddoch,PHP,lriddochix@independent.co.uk
2019,Gex,Claude,Hamner,PHP,khamnerj4@china.com.cn
2019,Villeurbanne,Iliana,Gwynn,PHP,cgwynnlj@cmu.edu
2019,Remote,Lena,Kings,PHP,kkingso2@posterous.com
2019,Remote,Matteo,Watkiss,PHP,wwatkissol@ed.gov
2019,Saint-Martin,Jennifer,Dullard,PHP,bdullardq3@nyu.edu
2019,Villeurbanne,Ali,Chadd,PHP,wchaddq8@google.co.jp
2019,Remote,Lena,Avesque,PHP,wavesqueqz@guardian.co.uk
